AVC (tipo),n,pct
ND,70,89.74358974358975
Isquémico,6,7.6923076923076925
Hemorrágico,2,2.564102564102564
