burden_cronico,n,pct
0,16,20.51282051282051
1,16,20.51282051282051
2,18,23.076923076923077
3,11,14.102564102564102
4,14,17.94871794871795
5,2,2.564102564102564
7,1,1.282051282051282
