n,mean,sd,median,q1,q3,iqr,min,max
78,2.0256410256410255,1.5706261384767752,2.0,1.0,3.0,2.0,0.0,7.0
