n,mean,sd,median,q1,q3,iqr,min,max
77,1.2207792207792207,2.112764319330537,1.0,0.0,1.0,1.0,0.0,10.0
