n,mean,sd,median,q1,q3,iqr,min,max
75,0.38666666666666666,0.7332514286775427,0.0,0.0,1.0,1.0,0.0,4.0
