n,mean,sd,median,q1,q3,iqr,min,max
75,87.87866666666666,9.419334533981848,90.0,84.4,94.25,9.849999999999994,49.2,99.4
