n,mean,sd,median,q1,q3,iqr,min,max
76,0.10526315789473684,0.3857096444536504,0.0,0.0,0.0,0.0,0.0,2.0
