n,mean,sd,median,q1,q3,iqr,min,max
72,1.0793055555555555,1.2795436316596687,0.8,0.2,1.85,1.6500000000000001,0.0,8.0
