n,mean,sd,median,q1,q3,iqr,min,max
72,1.4695833333333335,1.6115493704008688,1.0,0.2,2.15,1.95,0.0,8.0
