n,mean,sd,median,q1,q3,iqr,min,max
77,8.473376623376623,1.2547694382357877,8.5,7.5,9.5,2.0,6.0,11.5
