n,mean,sd,median,q1,q3,iqr,min,max
77,0.4675324675324675,0.8971360218468252,0.0,0.0,1.0,1.0,0.0,6.0
