n,mean,sd,median,q1,q3,iqr,min,max
75,0.6386666666666666,0.7959888178851499,0.3,0.0,1.0,1.0,0.0,3.4
