Sexo,n,pct
F,49,62.82051282051282
M,29,37.17948717948718
