n,mean,sd,median,q1,q3,iqr,min,max
73,1179.849315068493,397.8411070052157,1000.0,1000.0,1500.0,500.0,200.0,2000.0
