value,n,pct
0.0,4,5.128205128205128
1.0,73,93.58974358974359
,1,1.282051282051282
