n,mean,sd,median,q1,q3,iqr,min,max
78,34.666666666666664,12.320046663205046,31.0,25.25,42.0,16.75,19.0,64.0
