variavel,H,p,k
média de CVO por ano,2.137862452071697,0.3433753119669226,3
Hb basal,0.9459335255397385,0.6231507826394288,3
HbS basal,3.293093363439967,0.19271426453685833,3
